firstName,lastName,email,phoneNumber
"Sophie","Anderson","sophie.anderson49@example.com","+12345678901"
"Jack","Martin","jack.martin50@example.com","+12345678901"
"Grace","Thompson","grace.thompson51@example.com","+12345678901"
"Lucas","Hernandez","lucas.hernandez52@example.com","+12345678901"
"Lily","Ward","lily.ward53@example.com","+12345678901"
"Noah","Gonzalez","noah.gonzalez54@example.com","+12345678901"
"Emma","Parker","emma.parker55@example.com","+12345678901"
"Owen","Morris","owen.morris56@example.com","+12345678901"
"Chloe","Collins","chloe.collins57@example.com","+12345678901"
"Ryan","Gray","ryan.gray58@example.com","+12345678901"
"Isabelle","Cruz","isabelle.cruz59@example.com","+12345678901"
"Dylan","Barnes","dylan.barnes60@example.com","+12345678901"
"Sophia","Flores","sophia.flores61@example.com","+12345678901"
"David","Ward","david.ward62@example.com","+12345678901"
"Ava","Butler","ava.butler63@example.com","+12345678901"
"James","Bryant","james.bryant64@example.com","+12345678901"
"Emily","Lawrence","emily.lawrence65@example.com","+12345678901"
"Max","Wood","max.wood66@example.com","+12345678901"
"Ella","Harrison","ella.harrison67@example.com","+12345678901"
"Ethan","Russell","ethan.russell68@example.com","+12345678901"